{
  "speaker_means": {
    "A11": 282.92164712010714,
    "A12": 269.0391196319019,
    "A13": 313.9388210249265,
    "A14": 234.45763766816145,
    "A19": 232.02808281672233,
    "A2": 214.3478569136523,
    "A22": 315.1498164003618,
    "A23": 255.68636610120345,
    "A32": 280.91093338632754,
    "A33": 183.40821237864077,
    "A34": 264.2143038013489,
    "A35": 158.424198019802,
    "A36": 265.57982422758096,
    "A4": 247.26875872709738,
    "A5": 174.9175,
    "A6": 229.52559504904252,
    "A7": 237.67857796257798,
    "A8": 142.99764312267658,
    "A9": 132.2367087912088,
    "B11": 287.9824040011944,
    "B12": 249.0357343017807,
    "B15": 239.00854166666664,
    "B2": 212.05241075532408,
    "B21": 111.38297940503432,
    "B22": 268.3154940747493,
    "B31": 270.1926501954652,
    "B32": 259.52581528861157,
    "B33": 273.01739415395787,
    "B34": 163.09226470588234,
    "B4": 241.07650962705986,
    "B6": 217.9046819512195,
    "B7": 241.48901260308074,
    "B8": 141.40534675024745,
    "C12": 304.97948401613905,
    "C13": 307.06199192546586,
    "C14": 285.90262084389445,
    "C17": 238.4068764110834,
    "C18": 258.5245530570253,
    "C19": 249.61257813668314,
    "C2": 206.65271752136752,
    "C20": 254.31561188023178,
    "C21": 319.0868445384499,
    "C22": 300.8726855002341,
    "C23": 270.18515174461766,
    "C31": 264.9814480139263,
    "C32": 256.9505530466545,
    "C4": 241.1299855358317,
    "C6": 244.994527021536,
    "C7": 248.56722808403097,
    "C8": 151.66988633929935
  },
  "global_fallback": 240.2821517248017
}